entry_time,exit_time,direction,entry_price,exit_price,stop,target,outcome,return_pct,score,confidence,comp_daily_trend,comp_macd,comp_rsi,comp_vwap,comp_ema,comp_orb,comp_relative_strength
2026-07-08 10:45:00,2026-07-08 13:05:00,PUT,704.23,709.42,709.42,696.45,stop,-0.7316,-0.384,Medium,0.0,-0.1,-0.0181,-0.1722,0.0,-0.1437,0.0503
2026-07-08 13:15:00,2026-07-08 15:55:00,CALL,709.18,711.28,703.61,717.53,eod,0.2961,0.303,Medium,0.0,-0.1,-0.0118,0.165,0.15,0.0,0.1
2026-07-10 11:25:00,2026-07-10 15:55:00,CALL,724.05,725.53,719.83,730.38,eod,0.2043,0.393,Medium,0.0,-0.1,0.0093,0.1202,0.15,0.1139,0.1
2026-07-15 09:40:00,2026-07-15 12:00:00,PUT,720.87,713.36,725.87,713.36,target,1.0528,-0.316,Medium,0.0,-0.1,0.0045,-0.1204,0.0,0.0,-0.1
2026-07-15 13:05:00,2026-07-15 15:55:00,PUT,713.93,717.69,719.18,706.07,eod,-0.5232,-0.645,High,0.0,-0.1,-0.0058,-0.1418,-0.15,-0.1476,-0.1
2026-07-17 12:40:00,2026-07-17 15:15:00,CALL,700.41,695.06,695.06,708.43,stop,-0.7638,0.475,Medium,0.0,-0.1,-0.0254,0.2,0.15,0.15,0.1
2026-07-20 10:10:00,2026-07-20 15:55:00,PUT,700.5,695.99,705.55,692.93,eod,0.648,-0.392,Medium,0.0,-0.1,-0.0228,-0.1467,0.0,-0.1314,0.0088
2026-07-22 11:10:00,2026-07-22 15:55:00,CALL,708.79,705.27,703.83,716.24,eod,-0.4972,0.406,Medium,0.0,-0.1,-0.0081,0.1497,0.15,0.1146,0.1
2026-07-24 10:05:00,2026-07-24 12:10:00,PUT,687.76,692.45,692.45,680.73,stop,-0.6773,-0.437,Medium,0.0,-0.1,-0.0384,-0.0489,0.0,-0.15,-0.1
2026-07-24 13:00:00,2026-07-24 15:55:00,PUT,688.91,684.22,693.84,681.51,eod,0.6855,-0.36,Medium,0.0,-0.1,-0.0369,0.0271,-0.15,0.0,-0.1
2026-07-27 09:40:00,2026-07-27 10:25:00,PUT,688.35,681.15,693.16,681.15,target,1.0578,-0.342,Medium,0.0,-0.1,-0.0347,-0.1103,0.0,0.0,-0.0968
2026-07-27 10:45:00,2026-07-27 15:55:00,PUT,678.93,682.06,683.94,671.41,eod,-0.4589,-0.6,High,0.0,-0.1,-0.0496,-0.2,0.0,-0.15,-0.1
2026-07-28 11:35:00,2026-07-28 15:55:00,CALL,677.6,675.5,672.59,685.12,eod,-0.3099,0.308,Medium,0.0,-0.1,-0.0516,0.2,0.15,0.15,-0.0401
2026-07-31 09:40:00,2026-07-31 10:15:00,PUT,688.22,680.32,693.49,680.32,target,1.1619,-0.499,Medium,-0.08,-0.1,-0.0193,-0.2,0.0,0.0,-0.1
2026-07-31 10:20:00,2026-07-31 13:15:00,PUT,682.81,688.17,688.17,674.78,stop,-0.7789,-0.658,High,-0.08,-0.1,-0.0283,-0.2,0.0,-0.15,-0.1
2026-08-05 09:45:00,2026-08-05 10:40:00,CALL,728.14,722.8,722.8,736.15,stop,-0.7334,0.311,Medium,0.0,0.1,0.0372,0.0741,0.0,0.0,0.1
2026-08-05 11:10:00,2026-08-05 15:55:00,PUT,722.84,717.22,728.18,714.83,eod,0.7836,-0.337,Medium,0.0,0.1,0.0304,-0.1394,-0.15,-0.143,-0.0355
2026-08-06 09:40:00,2026-08-06 15:55:00,CALL,713.78,714.62,708.44,721.79,eod,0.1177,0.361,Medium,0.0,0.1,0.0159,0.145,0.0,0.0,0.1
2026-08-10 10:05:00,2026-08-10 15:55:00,CALL,724.09,720.34,720.34,729.72,stop,-0.5179,0.346,Medium,0.0,0.1,0.03,0.1104,0.0,0.1011,0.0049
2026-08-11 11:55:00,2026-08-11 15:55:00,PUT,719.07,718.34,723.3,712.72,eod,0.1016,-0.3,Medium,0.0,0.1,0.0214,-0.0922,-0.15,-0.093,-0.0861
2026-08-13 09:35:00,2026-08-13 15:55:00,CALL,728.24,732.06,723.78,734.93,eod,0.5246,0.328,Medium,0.0,0.1,0.0351,0.1171,0.0,0.0,0.0757
2026-08-14 11:20:00,2026-08-14 15:55:00,PUT,728.71,731.05,733.13,722.08,eod,-0.3201,-0.381,Medium,0.0,0.1,0.0333,-0.1841,-0.15,-0.082,-0.0982
2026-08-17 11:00:00,2026-08-17 13:05:00,CALL,734.17,731.64,731.64,737.96,stop,-0.3446,0.39,Medium,0.0,0.1,0.043,0.0761,0.0,0.0867,0.0842
2026-08-19 09:45:00,2026-08-19 12:05:00,PUT,714.85,719.01,719.01,708.62,stop,-0.5786,-0.347,Medium,0.0,0.1,0.0034,-0.2,0.0,-0.15,-0.1
2026-08-19 12:15:00,2026-08-19 15:50:00,CALL,719.5,715.29,715.29,725.81,stop,-0.5851,0.309,Medium,0.0,0.1,0.0124,0.147,0.15,0.0,-0.1
2026-08-19 15:55:00,2026-08-19 15:55:00,PUT,716.11,716.11,720.32,709.8,eod,0.0,-0.322,Medium,0.0,0.1,0.0059,-0.0351,-0.15,-0.1431,-0.1
2026-08-20 11:20:00,2026-08-20 15:55:00,PUT,711.39,710.95,714.94,706.07,eod,0.0619,-0.315,Medium,0.0,0.1,-0.0039,-0.0773,-0.15,-0.1276,-0.056
2026-08-21 09:50:00,2026-08-21 11:40:00,PUT,710.91,714.84,714.84,705.01,stop,-0.5498,-0.422,Medium,0.0,-0.1,-0.0048,-0.0971,0.0,-0.1198,-0.1
2026-08-21 11:50:00,2026-08-21 15:55:00,CALL,715.32,713.41,711.36,721.27,eod,-0.267,0.359,Medium,0.0,0.1,0.0044,0.1707,0.15,0.0,-0.0664
2026-08-25 10:00:00,2026-08-25 15:55:00,PUT,710.38,710.64,713.13,706.26,eod,-0.0365,-0.33,Medium,0.0,-0.1,-0.005,-0.1052,0.0,-0.1087,-0.011
2026-08-26 12:10:00,2026-08-26 15:00:00,PUT,709.07,712.76,712.76,703.54,stop,-0.5177,-0.305,Medium,0.0,-0.1,-0.0079,-0.0605,-0.15,0.0,0.0137
2026-08-26 15:05:00,2026-08-26 15:55:00,CALL,712.51,711.3,708.8,718.08,eod,-0.1698,0.338,Medium,0.0,-0.1,-0.0001,0.1218,0.15,0.0744,0.0919
2026-08-28 10:10:00,2026-08-28 10:30:00,PUT,717.55,721.1,721.1,712.22,stop,-0.4923,-0.347,Medium,0.0,-0.1,0.0102,-0.1123,0.0,-0.1066,-0.038
2026-08-28 10:55:00,2026-08-28 11:45:00,CALL,723.82,720.21,720.21,729.23,stop,-0.4987,0.303,Medium,0.0,-0.1,0.0247,0.1976,0.0,0.13,0.0503
2026-08-28 11:50:00,2026-08-28 15:55:00,PUT,719.49,716.45,723.1,714.07,eod,0.4243,-0.328,Medium,0.0,-0.1,0.0149,-0.0667,-0.15,0.0,-0.0267
2026-08-31 11:55:00,2026-08-31 15:50:00,PUT,713.96,717.0,717.0,709.39,stop,-0.4247,-0.369,Medium,0.0,-0.1,0.0015,-0.0396,-0.15,-0.1096,0.0287
2026-09-01 11:35:00,2026-09-01 13:25:00,CALL,711.08,707.55,707.55,716.38,stop,-0.4969,0.416,Medium,0.0,-0.1,-0.006,0.1652,0.15,0.1265,0.0807
2026-09-02 09:50:00,2026-09-02 10:10:00,PUT,705.38,707.54,707.54,702.14,stop,-0.3053,-0.369,Medium,0.0,-0.1,-0.0189,-0.0609,0.0,-0.1072,-0.082
2026-09-04 10:40:00,2026-09-04 15:55:00,PUT,718.07,719.06,720.71,714.11,eod,-0.1375,-0.307,Medium,0.0,-0.1,0.0124,-0.1058,0.0,-0.1278,0.0141
2026-09-08 09:40:00,2026-09-08 11:10:00,PUT,716.72,719.92,719.92,711.91,stop,-0.4445,-0.343,Medium,0.0,-0.1,0.0082,-0.151,0.0,0.0,-0.1
2026-09-08 11:15:00,2026-09-08 15:55:00,CALL,720.32,718.38,717.09,725.16,eod,-0.2692,0.383,Medium,0.0,0.1,0.0178,0.1019,0.15,0.0,0.0129
2026-09-09 09:50:00,2026-09-09 11:10:00,CALL,717.9,715.49,715.49,721.52,stop,-0.3357,0.368,Medium,0.0,0.1,0.0113,0.0557,0.0,0.113,0.0878
2026-09-09 11:20:00,2026-09-09 15:55:00,PUT,714.16,716.28,717.3,709.45,eod,-0.296,-0.509,Medium,0.0,-0.1,0.0006,-0.1729,-0.15,-0.1198,0.0331
2026-09-10 10:35:00,2026-09-10 15:50:00,CALL,711.72,708.57,708.57,716.45,stop,-0.4433,0.304,Medium,0.0,-0.1,-0.0068,0.1607,0.0,0.15,0.1
2026-09-14 11:30:00,2026-09-14 15:55:00,CALL,709.58,709.16,706.35,714.42,eod,-0.0587,0.489,Medium,0.0,-0.1,-0.0114,0.2,0.15,0.15,0.1
2026-09-15 10:20:00,2026-09-15 15:55:00,PUT,706.54,704.59,709.23,702.5,eod,0.2767,-0.307,Medium,0.0,-0.1,-0.0192,-0.093,0.0,-0.0978,0.0033
2026-09-18 10:00:00,2026-09-18 14:50:00,PUT,716.68,719.54,719.54,712.39,stop,-0.3975,-0.35,Medium,0.0,-0.1,0.0115,-0.1083,0.0,-0.15,-0.0034
2026-09-18 15:40:00,2026-09-18 15:55:00,CALL,719.59,721.3,718.45,721.3,target,0.2376,0.355,Medium,0.0,-0.1,0.019,0.1064,0.15,0.15,0.0295
2026-09-22 09:35:00,2026-09-22 15:55:00,CALL,744.11,747.47,740.72,749.19,eod,0.4509,0.331,Medium,0.0,0.1,0.0669,0.0644,0.0,0.0,0.0996
2026-09-24 10:25:00,2026-09-24 15:55:00,CALL,737.89,741.06,734.63,742.78,eod,0.4296,0.383,Medium,0.0,0.1,0.0432,0.0933,0.0,0.1091,0.0376
2026-09-25 09:50:00,2026-09-25 10:05:00,CALL,745.06,741.77,741.77,749.99,stop,-0.4416,0.403,Medium,0.0,0.1,0.0597,0.0836,0.0,0.1168,0.0428
2026-09-25 12:00:00,2026-09-25 15:55:00,CALL,745.1,744.44,741.77,750.09,eod,-0.0886,0.566,Medium,0.0,0.1,0.0598,0.1253,0.15,0.1373,-0.0066
